<?xml version="1.0" encoding="utf-8" ?>
<Defs>

<!--============== Bunkerroof 3x3 ===============-->

  <ThingDef Name="RoofBase" ParentName="BuildingBase" Abstract="True">
    <designationCategory>Bunker</designationCategory>
    
  </ThingDef>

  <ThingDef ParentName="RoofBase">
    <defName>Bunkerroof3x3tr</defName>
    <label>Bunkerroof-3x3</label>
	<thingClass>Building</thingClass>
		<researchPrerequisites>
      <li>Bunker1</li>
    </researchPrerequisites>
    <description>Roof of your bunker - Size 3x3</description>
	
	
    <graphicData>
      <texPath>Bunker/3x3/bunkerroof</texPath>
      <graphicClass>Graphic_Single</graphicClass>
      <drawSize>(3.1,3.1)</drawSize>
      <damageData>
        <cornerTL>Damage/Corner</cornerTL>
        <cornerTR>Damage/Corner</cornerTR>
        <cornerBL>Damage/Corner</cornerBL>
        <cornerBR>Damage/Corner</cornerBR>
      </damageData>
    </graphicData>
	<uiIconPath>Bunker/3x3/bunkerroof_Icon</uiIconPath>
    <altitudeLayer>MoteOverhead</altitudeLayer>
		<passability>Standable</passability>
		<pathCost>0</pathCost>
		<pathCostIgnoreRepeat>false</pathCostIgnoreRepeat>
		    <fillPercent>0</fillPercent>
    <castEdgeShadows>false</castEdgeShadows>
	
	<costStuffCount>50</costStuffCount>
	<stuffCategories>
      <li>Stony</li>
    </stuffCategories>
	<costList>
      <Steel>30</Steel>
    </costList>
	
	
	<damageMultipliers>
			<li>
			<damageDef>Bomb</damageDef>
			<multiplier>2</multiplier>
			</li>
	</damageMultipliers>
	
    <defaultPlacingRot>South</defaultPlacingRot>
    <statBases>
      <MaxHitPoints>1500</MaxHitPoints>
      <WorkToBuild>5000</WorkToBuild>
      <Flammability>0.0</Flammability>
    </statBases>
    <size>(1,1)</size>
    <staticSunShadowHeight>0</staticSunShadowHeight>
    <canOverlapZones>false</canOverlapZones>
  </ThingDef>
  
  
<!--============== Bunkerroof 5x5 ===============-->
    
<ThingDef ParentName="RoofBase">
    <defName>Bunkerroof5x5tr</defName>
    <label>Bunkerroof-5x5</label>
	<thingClass>Building</thingClass>
		<researchPrerequisites>
      <li>Bunker1</li>
    </researchPrerequisites>
    <description>Roof of your bunker - Size 5x5</description>
	
	
    <graphicData>
      <texPath>Bunker/5x5/bunkerroof55</texPath>
      <graphicClass>Graphic_Single</graphicClass>
      <drawSize>(5.1,5.1)</drawSize>
      <damageData>
        <cornerTL>Damage/Corner</cornerTL>
        <cornerTR>Damage/Corner</cornerTR>
        <cornerBL>Damage/Corner</cornerBL>
        <cornerBR>Damage/Corner</cornerBR>
      </damageData>
    </graphicData>
	<uiIconPath>Bunker/5x5/bunkerroof55_Icon</uiIconPath>
    <altitudeLayer>MoteOverhead</altitudeLayer>
		<passability>Standable</passability>
		<pathCost>0</pathCost>
		<pathCostIgnoreRepeat>false</pathCostIgnoreRepeat>
		    <fillPercent>0</fillPercent>
    <castEdgeShadows>false</castEdgeShadows>
	
	<costStuffCount>50</costStuffCount>
	<stuffCategories>
      <li>Stony</li>
    </stuffCategories>
	<costList>
      <Steel>30</Steel>
    </costList>
	
	
	<damageMultipliers>
			<li>
			<damageDef>Bomb</damageDef>
			<multiplier>2</multiplier>
			</li>
	</damageMultipliers>
	
    <defaultPlacingRot>South</defaultPlacingRot>
    <statBases>
      <MaxHitPoints>1500</MaxHitPoints>
      <WorkToBuild>14000</WorkToBuild>
      <Flammability>0.0</Flammability>
    </statBases>
    <size>(1,1)</size>
    <staticSunShadowHeight>0</staticSunShadowHeight>
    <canOverlapZones>false</canOverlapZones>
  </ThingDef>



</Defs>